repository,title,project,labels
treejamie/raffley,1 - Intro.,Project Learn,lesson
treejamie/raffley,2 - Create the App,Project Learn,lesson
treejamie/raffley,"3 - Routes, Plugs, and Pipelines",Project Learn,lesson
treejamie/raffley,4 - First Controller,Project Learn,lesson
treejamie/raffley,5 - Server-Side Rendering With HEEx,Project Learn,lesson
treejamie/raffley,6 - Route Parameters,Project Learn,lesson
treejamie/raffley,7 - Controller or LiveView?,Project Learn,lesson
treejamie/raffley,8 - First LiveView,Project Learn,lesson
treejamie/raffley,9 - Handling Events,Project Learn,lesson
treejamie/raffley,10 - LiveView Lifecycle,Project Learn,lesson
treejamie/raffley,11 - Dynamic Form,Project Learn,lesson
treejamie/raffley,12 - Handling Process Messages,Project Learn,lesson
treejamie/raffley,13 - Listing Raffles,Project Learn,lesson
treejamie/raffley,14 - Function Components,Project Learn,lesson
treejamie/raffley,15 - Styling and Reusing Components,Project Learn,lesson
treejamie/raffley,16 - Slots,Project Learn,lesson
treejamie/raffley,17 - Layouts,Project Learn,lesson
treejamie/raffley,18 - Show A Raffle,Project Learn,lesson
treejamie/raffley,19 - Live Navigating,Project Learn,lesson
treejamie/raffley,20 - Ecto Schemas and Migrations,Project Learn,lesson
treejamie/raffley,21 - Ecto Repo and Context Modules,Project Learn,lesson
treejamie/raffley,22 - Streaming Collections,Project Learn,lesson
treejamie/raffley,23 - Ecto Queries,Project Learn,lesson
treejamie/raffley,25 - Handling Form Changes,Project Learn,lesson
treejamie/raffley,26 - Dynamically Composing Queries,Project Learn,lesson
treejamie/raffley,27 - Handling URL Filter Params,Project Learn,lesson
treejamie/raffley,28 - Live Patching,Project Learn,lesson
treejamie/raffley,29 - Async Data Fetching,Project Learn,lesson
treejamie/raffley,30 - Admin Table UI,Project Learn,lesson
treejamie/raffley,31 - New Raffle Form,Project Learn,lesson
treejamie/raffley,32 - Create Raffles,Project Learn,lesson
treejamie/raffley,33 - Ecto Changesets,Project Learn,lesson
treejamie/raffley,35 - Live Form Validations,Project Learn,lesson
treejamie/raffley,36 - Live Actions,Project Learn,lesson
treejamie/raffley,38 - Delete Raffle,Project Learn,lesson
treejamie/raffley,39 - JS Commands,Project Learn,lesson
treejamie/raffley,40 - Using the Live Generator,Project Learn,lesson
treejamie/raffley,41 - Ecto One-to-Many Associations,Project Learn,lesson
treejamie/raffley,42 - Ul for One-to-Many,Project Learn,lesson
treejamie/raffley,43 - Ecto Joins,Project Learn,lesson
treejamie/raffley,45 - JSON API: Put Em In,Project Learn,lesson
treejamie/raffley,46 - Generate the Auth System,Project Learn,lesson
treejamie/raffley,47 - Customize User Accounts,Project Learn,lesson
treejamie/raffley,48 - Authentication Plugs,Project Learn,lesson
treejamie/raffley,49 - Restricting Access,Project Learn,lesson
treejamie/raffley,50 - Live Sessions,Project Learn,lesson
treejamie/raffley,51 - Admin Users,Project Learn,lesson
treejamie/raffley,52 - Ecto Many-to-Many Associations,Project Learn,lesson
treejamie/raffley,53 - Many-to-Many Form,Project Learn,lesson
treejamie/raffley,54 - Streaming New Tickets,Project Learn,lesson
treejamie/raffley,55 - Real-Time Updates with PubSub,Project Learn,lesson
treejamie/raffley,56 - Draw a Winner,Project Learn,lesson
treejamie/raffley,57 - Presence Tracking,Project Learn,lesson
treejamie/raffley,58 - Presence Updates,Project Learn,lesson
treejamie/raffley,59 - See Ya!,Project Learn,lesson